Site ID,Parent Site ID,Site Name,Short Name,Type,Latitude,Longitude,Start_Date,2004,2005,2006,2007,2008,2009,2010,2011,2012,2013,2014,2015,2016,2017,2018,2019,2020,2021,2022,2023,2024,2025,geolocation
M002E,M002,"Story Bridge (East), Kangaroo Point","Story Br, Kangaroo Pt",Manual,-27.461897,153.035827,2004,1,1,1,1,1,1,1,1,1,1,1,1,1,1,1,1,1,1,1,1,1,,"-27.461897, 153.035827"
M002W,M002,"Story Bridge (West), Kangaroo Point","Story Br, Kangaroo Pt",Manual,-27.461891,153.035577,2004,1,1,1,1,1,1,1,1,1,1,1,1,1,1,1,1,1,1,1,1,1,1.0,"-27.461891, 153.035577"
M003,M003,"Riverwalk, New Farm","Riverwalk, New Farm",Manual,-27.47107,153.041141,2004,1,1,1,1,1,1,1,,,,1,1,1,1,1,1,1,1,1,1,1,1.0,"-27.47107, 153.041141"
M004,M004,Story Bridge Underpass connecting Bowen Terrace_Ivory Lane,Story Br Underpass connecting Bowen Terrace_Ivory Lane,Manual,-27.461705,153.035592,2011,,,,,,,,1,1,1,,,,,,,,,,,,1.0,"-27.461705, 153.035592"
M009,M009,"Kedron Brook Bikeway Nudgee Rd, Nundah","Kedron Brook Bikeway Nudgee Rd, Nundah",Manual,-27.40652433,153.0737474,2004,1,1,1,1,1,1,1,1,1,1,1,1,1,1,1,1,1,1,1,1,1,1.0,"-27.40652433, 153.0737474"
M012,M012,"Wynnum Foreshore, Wynnum","Wynnum Foreshore, Wynnum",Manual,-27.446578,153.187264,2004,1,1,1,1,1,1,1,1,1,1,1,1,1,1,1,1,1,1,1,1,1,1.0,"-27.446578, 153.187264"
M016W,M016,"Walter Taylor Bridge, Indooroopilly","Walter Taylor Br, Indooroopilly",Manual,-27.504647,152.9739,2004,1,1,1,1,1,1,1,1,1,1,1,1,1,1,1,1,,1,1,1,1,1.0,"-27.504647, 152.9739"
M020W,M020,"Go Between Bridge, South Brisbane Cycle","Go Between Br, Sth Brisbane Cycle",Manual,-27.471133,153.013317,2010,,,,,,,1,1,1,1,1,1,1,1,1,1,1,1,1,1,1,1.0,"-27.471133, 153.013317"
M021N,M021,"Bridge St, Woolowin","Bridge St, Woolowin",Manual,-27.422454,153.042372,2020,,,,,,,,,,,,,,,,,1,,1,1,1,1.0,"-27.422454, 153.042372"
M024E,M024,"Sylvan Rd, Toowong (at Coro Dr)","Sylvan Rd, Toowong (at Coro Dr)",Manual,-27.482441,152.996591,2010,,,,,,,1,1,1,,,,,,1,,1,,,,,,"-27.482441, 152.996591"
M024W,M024,"Sylvan Rd, Toowong (west of Land St)","Sylvan Rd, Toowong (west of Land St)",Manual,-27.48198286,152.9953629,2010,,,,,,,,,,,,,,,,,,1,1,1,1,1.0,"-27.48198286, 152.9953629"
M026SE,M026,"Eleanor Schonell Bridge, St Lucia Cycles (Dutton Park)","Eleanor Schonell Br, St Lucia",Manual,-27.498121,153.024971,2011,,,,,,,,,,,,,,,,,,1,,1,1,,"-27.498121, 153.024971"
M028,M028,"Queen St_Ann St, Brisbane City","Queen St_Ann St, Brisbane City",Manual,-27.46275,153.031114,2011,,,,,,,,1,1,1,1,1,1,,,1,1,1,1,1,1,1.0,"-27.46275, 153.031114"
M029,M029,"Ekibin Park South East Freeway Bikeway, Greenslopes","Ekibin Park Sth East Freeway Bikeway, Greenslopes",Manual,-27.507091,153.04178,2011,,,,,,,,1,1,1,1,1,1,1,1,1,1,1,1,1,1,1.0,"-27.507091, 153.04178"
M030,M030,"Tarragindi Bikeway, Tarragindi","Tarragindi Bikeway, Tarragindi",Manual,-27.514859,153.043225,2011,,,,,,,,1,1,1,,1,1,,1,,,,1,1,1,1.0,"-27.514859, 153.043225"
M031,M031,"Canning Bridge, Norman Park","Canning Br, Norman Park",Manual,-27.476389,153.050406,2014,,,,,,,,,,,1,1,1,1,1,1,1,1,1,1,1,1.0,"-27.476389, 153.050406"
M033W,M033,"Indooroopilly Rd, Taringa","Indooroopilly Rd, Taringa",Manual,-27.4924,152.9908,2024,,,,,,,,,,,,,,,,,,,,,1,,"-27.4924, 152.9908"
M041,M041,"Alfred St, Fortitude Valley","Alfred St, Fortitude Valley",Manual,-27.456645,153.032261,2014,,,,,,,,,,,1,,,,1,,,,,,1,1.0,"-27.456645, 153.032261"
M043W,M043,"Kingsford Smith Dr_Breakfast Creek Rd, Albion","Kingsford Smith Dr, Albion",Manual,-27.44127,153.04587,2018,,,,,,,,,,,,,,,1,,,,1,,,,"-27.44127, 153.04587"
M045,M045,"Darra Railway Station, Darra","Darra Railway Station, Darra",Manual,-27.565795,152.951478,2015,,,,,,,,,,,,1,1,1,1,,1,,1,,1,,"-27.565795, 152.951478"
M046,M046,"Rotary Park, Woolloongabba","Rotary Park, Woolloongabba",Manual,-27.490229,153.042045,2015,,,,,,,,,,,,1,1,1,1,1,1,1,1,1,1,1.0,"-27.490229, 153.042045"
M051,M051,"Radnor St, Indooroopilly","Radnor St, Indooroopilly",Manual,-27.504534,152.97168,2015,,,,,,,,,,,,1,1,1,1,1,1,,1,,,,"-27.504534, 152.97168"
M055,M055,"Mowbray Park, East Brisbane","Mowbray Park, East Brisbane",Manual,-27.478138,153.044682,2012,,,,,,,,,1,,,,1,1,,,,,,,1,1.0,"-27.478138, 153.044682"
M059,M059,"Kedron Brook Bikeway, Mercer Park Junction, Kedron","Kedron Brook Bikeway, Mercer Park Junction, Kedron",Manual,-27.407727,153.041823,2012,,,,,,,,,1,,,,1,1,1,1,1,1,1,1,1,1.0,"-27.407727, 153.041823"
M060,M060,"Old Cleveland Rd_Main Avenue, Coorparoo","Old Cleveland Rd_Main Avenue, Coorparoo",Manual,-27.498703,153.051028,2012,,,,,,,,,1,,,,1,,,,,1,,,1,,"-27.498703, 153.051028"
M063,M063,"George St_Margaret St, Brisbane City","George St_Margaret St, Brisbane City",Manual,-27.474027,153.026549,2016,,,,,,,,,,,,,1,,,,,1,,,,,"-27.474027, 153.026549"
M064,M064,"Edward St_Ann St, Brisbane City","Edward St_Ann St, Brisbane City",Manual,-27.466823,153.025441,2016,,,,,,,,,,,,,1,,,,,1,,,1,,"-27.466823, 153.025441"
M066S,M066,"Nudgee Rd_Lamington Ave, Ascot","Nudgee Rd_Lamington Ave, Ascot",Manual,-27.430271,153.071952,2016,,,,,,,,,,,,,1,,,,,,1,,1,,"-27.430271, 153.071952"
M070,M070,"Boundary St_Vulture St, West End","Boundary St_Vulture St, West End",Manual,-27.480967,153.01205,2016,,,,,,,,,,,,,1,,1,1,1,1,,1,1,1.0,"-27.480967, 153.01205"
M074,M074,"The Esplanade, St Lucia","The Esplanade, St Lucia",Manual,-27.502343,153.007716,2016,,,,,,,,,,,,,1,1,1,1,1,1,1,1,1,1.0,"-27.502343, 153.007716"
M077,M077,"Turbot St Bikeway, Brisbane City","Turbot St Bikeway, Brisbane City",Manual,-27.468549,153.021504,2017,,,,,,,,,,,,,,1,,,,1,1,,1,,"-27.468549, 153.021504"
M080,M080,"Kangaroo Point Bikeway Little Dock St, South Bank","Kangaroo Pt Bikeway Little Dock St, Sth Bank",Manual,-27.482606,153.026052,2017,,,,,,,,,,,,,,1,,,,,,,,1.0,"-27.482606, 153.026052"
M082,M082,"Hyacinth St Bikeway, Inala","Hyacinth St Bikeway, Inala",Manual,-27.593685,152.972775,2017,,,,,,,,,,,,,,1,,,,,,,1,,"-27.593685, 152.972775"
M093,M093,"Telegraph Rd, Bracken Rridge","Telegraph Rd, Bracken Rridge",Manual,-27.331404,153.04352,2019,,,,,,,,,,,,,,,,1,1,1,1,1,1,,"-27.331404, 153.04352"
M097,M097,"Pritchard St, Lytton Bikeway","Pritchard St, Lytton Bikeway",Manual,-27.426126,153.15876,2019,,,,,,,,,,,,,,,,1,,1,,1,,1.0,"-27.426126, 153.15876"
M099,M099,"Given Terrace_Latrobe Terrace, Paddington","Given Terrace_Latrobe Terrace, Paddington",Manual,-27.460464,153.002523,2019,,,,,,,,,,,,,,,,1,1,1,1,1,1,1.0,"-27.460464, 153.002523"
M101,M101,"Kedron Brook_Gateway Bikeway, Nudgee Beach","Kedron Brook_Gateway Bikeway, Nudgee Beach",Manual,-27.372216,153.097997,2019,,,,,,,,,,,,,,,,1,1,1,1,1,1,1.0,"-27.372216, 153.097997"
M104,M104,"Agnew St_Bennetts Rd, Morningside","Agnew St_Bennetts Rd, Morningside",Manual,-27.476138,153.066244,2019,,,,,,,,,,,,,,,,1,1,1,,,1,,"-27.476138, 153.066244"
M108,M108,"Logan Rd_Cleveland St, Greenslopes","Logan Rd_Cleveland St, Greenslopes",Manual,-27.49829,153.043112,2019,,,,,,,,,,,,,,,,1,1,1,1,1,1,1.0,"-27.49829, 153.043112"
M110,M110,"Nash St_Baroona Rd, Rosalie","Nash St_Baroona Rd, Rosalie",Manual,-27.466179,152.997079,2019,,,,,,,,,,,,,,,,1,1,,1,1,1,,"-27.466179, 152.997079"
M111,M111,"Lytton Rd_Oxford St, Bulimba","Lytton Rd_Oxford St, Bulimba",Manual,-27.451832,153.062109,2019,,,,,,,,,,,,,,,,1,1,,1,1,1,1.0,"-27.451832, 153.062109"
M114,M114,"Greencamp Rd_Rickertt Rd, Wakerley","Greencamp Rd_Rickertt Rd, Wakerley",Manual,-27.485044,153.166994,2019,,,,,,,,,,,,,,,,1,,,1,,1,,"-27.485044, 153.166994"
M115,M115,"Melbourne St_Stanley St, South Brisbane","Melbourne St_Stanley St, Sth Brisbane",Manual,-27.473477,153.019358,2020,,,,,,,,,,,,,,,,,1,,,,,1.0,"-27.473477, 153.019358"
M117,M117,"Elizabeth St_Edward St, Brisbane City","Elizabeth St_Edward St, Brisbane City",Manual,-27.469107,153.027682,2020,,,,,,,,,,,,,,,,,1,,,,,,"-27.469107, 153.027682"
M119,M119,"Lambert Rd_Clarence St, Indooroopilly","Lambert Rd_Clarence St, Indooroopilly",Manual,-27.503447,152.976979,2020,,,,,,,,,,,,,,,,,1,1,,,1,1.0,"-27.503447, 152.976979"
M122,M122,"Brisbane St_Herbert_St, Toowong","Brisbane St_Herbert_St, Toowong",Manual,-27.48980695,152.9937238,2020,,,,,,,,,,,,,,,,,1,1,1,,1,1.0,"-27.48980695, 152.9937238"
M123,M123,"Gympie Rd service road_Ledbury St, Aspley","Gympie Rd service road_Ledbury St, Aspley",Manual,-27.370355,153.019903,2020,,,,,,,,,,,,,,,,,1,1,,,,,"-27.370355, 153.019903"
M124,M124,"Newstead Av_Breakfast Creek Rd, Newstead","Newstead Av_Breakfast Ck Rd, Newstead",Manual,-27.443079,153.044254,2020,,,,,,,,,,,,,,,,,1,,1,1,,,"-27.443079, 153.044254"
M125,M125,"Dickson St_Thorrold St, Wooloowin","Dickson St_Thorrold St, Wooloowin",Manual,-27.41613067,153.045321,2021,,,,,,,,,,,,,,,,,,1,1,,1,,"-27.41613067, 153.045321"
M128,M128,"Brunswick St_Ann St, Fortitude Valley","Brunswick St_Ann St, Fortitude Valley",Manual,-27.45848084,153.0350172,2021,,,,,,,,,,,,,,,,,,1,,,1,1.0,"-27.45848084, 153.0350172"
M132,M132,"MacArthur Ave, Hamilton","MacArthur Ave, Hamilton",Manual,-27.444213,153.084243,2022,,,,,,,,,,,,,,,,,,,1,,1,,"-27.444213, 153.084243"
M142,M142,"Wynnum Rd_Junction Rd, Morningside","Wynnum Rd_Junction Rd, Morningside",Manual,-27.466827,153.078512,2022,,,,,,,,,,,,,,,,,,,1,1,1,1.0,"-27.466827, 153.078512"
M143,M143,"Tingal Rd_Wynnum Rd, Wynnum","Tingal Rd_Wynnum Rd, Wynnum",Manual,-27.4373,153.167331,2022,,,,,,,,,,,,,,,,,,,1,,1,,"-27.4373, 153.167331"
M144,M144,"Whites Rd_Lota Creek, Ransome","Whites Rd_Lota Ck, Ransome",Manual,-27.473231,153.183516,2022,,,,,,,,,,,,,,,,,,,1,1,,,"-27.473231, 153.183516"
M145,M145,"Hawthorne Rd_Virginia Ave, Hawthorn","Hawthorne Rd_Virginia Ave, Hawthorn",Manual,-27.46874245,153.0591358,2022,,,,,,,,,,,,,,,,,,,1,1,1,,"-27.46874245, 153.0591358"
M148,M148,"Norman Creek Bikeway_Gladys St, Stones Corner","Norman Ck Bikeway_Gladys St, Stones Corner",Manual,-27.497308,153.045472,2022,,,,,,,,,,,,,,,,,,,1,1,1,1.0,"-27.497308, 153.045472"
M149E,M149,"Albany Creek Rd, Aspley","Albany Ck Rd, Aspley",Manual,-27.36368996,153.0141449,2023,,,,,,,,,,,,,,,,,,,1,1,,,"-27.36368996, 153.0141449"
M150,M150,"Newnham Rd_Creek Rd, Mansfield","Newnham Rd_Creek Rd, Mansfield",Manual,-27.531855,153.094018,2022,,,,,,,,,,,,,,,,,,,1,1,1,,"-27.531855, 153.094018"
M155,M155,"Lewisham St, Annerley","Lewisham St, Annerley",Manual,-27.51063557,153.0385479,2024,,,,,,,,,,,,,,,,,,,,,,,"-27.51063557, 153.0385479"
M156,M156,"Mayne Rd_ICB, Bowen Hills","Mayne Rd_ICB, Bowen Hills",Manual,-27.4448,153.0366,2024,,,,,,,,,,,,,,,,,,,,,1,,"-27.4448, 153.0366"
M157,M157,"Riverwalk Norris Point, New Farm","Riverwalk Norris Pt, New Farm",Manual,-27.4685545,153.05468,2024,,,,,,,,,,,,,,,,,,,,,1,1.0,"-27.4685545, 153.05468"
M158,M158,"Lytton Rd_Park Ave, Kangaroo Point","Lytton Rd_Park Ave, Kangaroo Pt",Manual,-27.4788,153.0424,2024,,,,,,,,,,,,,,,,,,,,,1,,"-27.4788, 153.0424"
M164,M164,"Boundary St_Queen St_Ann St, Brisbane City","Boundary St_Queen St_Ann St, Brisbane City",Manual,-27.4618,153.0312,2025,,,,,,,,,,,,,,,,,,,,,,1.0,"-27.4618, 153.0312"
M165,M165,"Skyring Tce_Ann St_Montpelier Rd, Bowen Hills","Skyring Tce_Ann St_Montpelier Rd, Bowen Hills",Manual,-27.449865,153.041768,2025,,,,,,,,,,,,,,,,,,,,,,1.0,"-27.449865, 153.041768"
M175,M175,"Upper Edward St_Boundary St, Spring Hill","Upper Edward St_Boundary St, Spring Hill",Manual,-27.46081,153.024487,2025,,,,,,,,,,,,,,,,,,,,,,1.0,"-27.46081, 153.024487"
M176,M176,"James St_Arthur St, Fortitude Valley","James St_Arthur St, Fortitude Valley",Manual,-27.457711,153.041156,2025,,,,,,,,,,,,,,,,,,,,,,1.0,"-27.457711, 153.041156"
M177,M177,"Grey St_Peel St, South Brisbane","Grey St_Peel St, South Brisbane",Manual,-27.471988,153.017273,2025,,,,,,,,,,,,,,,,,,,,,,1.0,"-27.471988, 153.017273"
A001,A001,"Bicentennial Bikeway, Auchenflower","Bicentennial, Auchenflower",Automatic,-27.478042,153.00035,2013,,,,,,,,,,1,1,1,1,1,1,1,1,1,1,1,1,1.0,"-27.478042, 153.00035"
A003,A003,"Ekibin Park, Greenslopes","Ekibin Park, Greenslopes",Automatic,-27.50723217,153.0419253,2015,,,,,,,,,,,,1,1,1,1,1,1,1,1,1,1,1.0,"-27.50723217, 153.0419253"
A004E,A004,"Eleanor Schonell Br Cyclists, St Lucia","Eleanor Schonell Br, St Lucia",Automatic,-27.49816128,153.0248634,2013,,,,,,,,,,1,1,1,1,1,1,1,1,1,1,1,1,1.0,"-27.49816128, 153.0248634"
A009,A009,"Kedron Brook Bikeway, Lutwyche","Kedron Br B'way, Lutwyche",Automatic,-27.418186,153.032104,2014,,,,,,,,,,,1,1,1,1,1,1,1,1,1,1,1,1.0,"-27.418186, 153.032104"
A013,A013,"Riverwalk, Newfarm","Riverwalk, New Farm",Automatic,-27.464029,153.03867,2014,,,,,,,,,,,1,1,1,1,1,1,1,1,1,1,1,1.0,"-27.464029, 153.03867"
A014,A014,"Schulz Canal Bridge, Nundah","Schulz Canal Br, Nundah",Automatic,-27.406077,153.073727,2013,,,,,,,,,,1,1,1,1,1,1,1,1,1,1,1,1,1.0,"-27.406077, 153.073727"
A016W,A016,"Story Bridge West, Kangaroo Point","Story Br, Kangaroo Pt",Automatic,-27.470387,153.035644,2013,,,,,,,,,,1,1,1,1,1,1,1,1,1,1,1,1,1.0,"-27.470387, 153.035644"
A017,A017,"Norman Creek Bridge, Norman Park","Norman Ck Br, Norman Park",Automatic,-27.478348,153.055372,2016,,,,,,,,,,,,,1,1,1,1,1,1,1,1,1,1.0,"-27.478348, 153.055372"
A018,A018,"Macquarie Street, St Lucia","Macquarie St, St Lucia",Automatic,-27.492607,153.007818,2017,,,,,,,,,,,,,,1,1,1,1,1,1,1,1,1.0,"-27.492607, 153.007818"
A020,A020,"Gympie Rd (Marchant Park), Chermside","Gympie Rd, Chermside",Automatic,-27.378192,153.029181,2019,,,,,,,,,,,,,,,,1,1,1,1,1,1,1.0,"-27.378192, 153.029181"
A023,A023,"Botanic Gardens, City","Botanic Gardens, City",Automatic,-27.47272,153.03099,2019,,,,,,,,,,,,,,,,1,1,1,1,1,1,1.0,"-27.47272, 153.03099"
A024,A024,"Land Bridge ICB, Spring Hill","Land Br ICB, Spring Hill",Automatic,-27.45526,153.023292,2020,,,,,,,,,,,,,,,,,1,1,1,1,1,1.0,"-27.45526, 153.023292"
A026,A026,"Annerley Rd, South Brisbane","Annerley Rd, Sth Brisbane",Automatic,-27.486297,153.028897,2020,,,,,,,,,,,,,,,,,1,1,1,1,1,1.0,"-27.486297, 153.028897"
A029,A029,"Lytton Road, East Brisbane","Lytton Road, E Brisbane",Automatic,-27.47723481,153.0485333,2021,,,,,,,,,,,,,,,,,,1,1,1,1,1.0,"-27.47723481, 153.0485333"
A032,A032,"Kangaroo Point Green Bridge, Brisbane City","Kangaroo Pt Green Br, Brisbane City",Automatic,-27.47237722,153.0318479,2024,,,,,,,,,,,,,,,,,,,,,1,1.0,"-27.47237722, 153.0318479"
A201,A201,"City Link Cycleway (Elizabeth St - Creek to Edward), City",City Link Elizabeth St (Creek - Edward),Automatic,-27.46814992,153.0290526,2019,,,,,,,,,,,,,,,,,,1,1,1,1,1.0,"-27.46814992, 153.0290526"
T0016,T0016,Mowbray Park Shared Pathway (East Brisbane),"Mowbray Park, E Brisbane",Automatic,-27.478359,153.045515,,,,,,,,,,,,,,,,,,,,,,,,"-27.478359, 153.045515"
T0023,T0023,Centenary Motorway Overpass (Toowong),"Centenary Mway Overpass, Toowong",Automatic,-27.477508,152.980331,,,,,,,,,,,,,,,,,,,,,,,,"-27.477508, 152.980331"
T0031,T0031,South Pine Road Northbound (Brendale),"South Pine Rd Nthbnd, Brendale",Automatic,-27.32735,152.96229,,,,,,,,,,,,,,,,,,,,,,,,"-27.32735, 152.96229"
T0032,T0032,South Pine Road Southbound (Brendale),"South Pine Rd Sthbnd, Brendale",Automatic,-27.324996,152.967469,,,,,,,,,,,,,,,,,,,,,,,,"-27.324996, 152.967469"
T0033,T0033,Normanby Bikeway (Brisbane City),"Normanby Bikeway, Brisbane City",Automatic,-27.461188,153.016162,,,,,,,,,,,,,,,,,,,,,,,,"-27.461188, 153.016162"
T0036,T0036,Centenary Cycleway (Toowong),"Centenary Cycleway, Toowong",Automatic,-27.4788,152.98195,,,,,,,,,,,,,,,,,,,,,,,,"-27.4788, 152.98195"
M006,M006,"Bicentennial Bikeway Land St, Auchenflower","Bicentennial Bikeway Land St, Auchenflower",Manual,-27.479643,152.998761,2011,,,,,,,,1,1,1,,,,1,1,1,1,1,1,,1,,"-27.479643, 152.998761"
M007E,M007,"Victoria Bridge (East), Brisbane City","Victoria Br, Brisbane City",Manual,-27.471598,153.022332,2004,1,1,1,1,1,1,1,1,1,1,1,1,1,1,1,1,1,1,1,1,1,1.0,"-27.471598, 153.022332"
M008,M008,"Land Bridge at Inner City Bypass, Spring Hill","Land Br at Inner City Bypass, Spring Hill",Manual,-27.455569,153.024109,2004,1,1,1,1,1,1,1,1,1,1,1,1,1,1,1,1,1,1,1,1,1,1.0,"-27.455569, 153.024109"
M011,M011,"Sandgate Foreshore, Sandgate","Sandgate Foreshore, Sandgate",Manual,-27.3144,153.069714,2004,1,1,1,1,1,1,1,1,1,1,1,1,1,1,1,1,1,1,1,1,1,1.0,"-27.3144, 153.069714"
M013,M013,"Bulimba Creek, Carindale","Bulimba Ck, Carindale",Manual,-27.497931,153.106053,2004,1,1,1,1,1,1,1,1,1,,,,,1,,1,,1,1,,1,,"-27.497931, 153.106053"
M016E,M016,"Jack Pesch Bridge, Indooroopilly","Jack Pesch Br, Indooroopilly",Manual,-27.50745,152.973597,2004,1,1,1,1,1,1,1,1,1,1,1,1,1,1,1,1,1,1,1,1,1,1.0,"-27.50745, 152.973597"
M018,M018,"Kedron Brook Gympie Rd, Lutwyche","Kedron Brook Gympie Rd, Lutwyche",Manual,-27.415995,153.033779,2010,,,,,,,1,1,1,1,1,1,1,1,1,1,1,1,,1,,1.0,"-27.415995, 153.033779"
M019,M019,"Kurilpa Bridge, Brisbane City","Kurilpa Br, Brisbane City",Manual,-27.468628,153.019828,2010,,,,,,,1,1,1,1,1,1,1,1,1,1,1,1,1,1,1,1.0,"-27.468628, 153.019828"
M022,M022,"M5 Veloway, Jindalee","M5 Veloway, Jindalee",Manual,-27.528642,152.946953,2010,,,,,,,1,1,1,,1,1,1,1,1,1,1,1,1,1,1,1.0,"-27.528642, 152.946953"
M023,M023,"Wynnum Rd, Murarrie","Wynnum Rd, Murarrie",Manual,-27.471206,153.106842,2010,,,,,,,1,1,1,,1,1,1,1,1,1,1,1,1,1,1,1.0,"-27.471206, 153.106842"
M025S,M025,"Uxbridge St_Days Rd, Grange","Uxbridge St_Days Rd, Grange",Manual,-27.42635,153.019525,2010,,,,,,,1,1,1,,,,,,,,,,1,,1,1.0,"-27.42635, 153.019525"
M026N,M026,"Eleanor Schonell Bridge, St Lucia Ped","Eleanor Schonell Br, St Lucia",Manual,-27.497561,153.018897,2011,,,,,,,,1,1,1,1,1,1,1,1,1,1,1,,1,1,1.0,"-27.497561, 153.018897"
M026S,M026,"Eleanor Schonell Bridge, St Lucia Cycles","Eleanor Schonell Br, St Lucia",Manual,-27.497856,153.018506,2011,,,,,,,,1,1,1,1,1,1,1,1,1,1,,,,,1.0,"-27.497856, 153.018506"
M027,M027,"Stanley St_Annerley Rd, South Brisbane","Stanley St_Annerley Rd, Sth Brisbane",Manual,-27.48555,153.029066,2011,,,,,,,,1,1,1,1,1,1,1,,1,1,1,1,1,1,1.0,"-27.48555, 153.029066"
M032,M032,"Bundal St, Wavell Heights","Bundal St, Wavell Heights",Manual,-27.393681,153.035498,2014,,,,,,,,,,,1,,1,1,1,1,,1,,,,,"-27.393681, 153.035498"
M033,M033,"Indooroopilly Rd_Heroes Ave, Taringa","Indooroopilly Rd_Heroes Ave, Taringa",Manual,-27.492848,152.991739,2014,,,,,,,,,,,1,,1,1,1,1,1,1,1,,,1.0,"-27.492848, 152.991739"
M037,M037,"Riverside Park, Bulimba","Riverside Park, Bulimba",Manual,-27.45476,153.053484,2014,,,,,,,,,,,1,1,,,1,,,,,,,,"-27.45476, 153.053484"
M040N,M040,"Gladstone Rd, Highgate Hill","Gladstone Rd, Highgate Hill",Manual,-27.48773418,153.0188334,2023,,,,,,,,,,,,,,,,,,,1,1,1,,"-27.48773418, 153.0188334"
M042,M042,"Campbell St Path, Bowen Hills","Campbell St Path, Bowen Hills",Manual,-27.44679405,153.0311101,2014,,,,,,,,,,,1,1,,,,,,1,1,1,1,,"-27.44679405, 153.0311101"
M044S,M044,"Bennetts Rd_Old Cleveland Rd, Camp Hill","Bennetts Rd_Old Cleveland Rd, Camp Hill",Manual,-27.492186,153.064525,2015,,,,,,,,,,,,1,,,,,,,1,,,,"-27.492186, 153.064525"
M044N,M044,"Bennetts Rd_Fryar St, Camp Hill","Bennetts Rd_Fryar St, Camp Hill",Manual,-27.48981617,153.0645786,2016,,,,,,,,,,,,,1,1,1,1,,1,1,1,,1.0,"-27.48981617, 153.0645786"
M047E,M047,"Kedron Brook Bikeway, Stafford City","Kedron Brook Bikeway, Stafford City",Manual,-27.413766,153.008874,2015,,,,,,,,,,,,1,,,,,,,,,,,"-27.413766, 153.008874"
M048,M048,"Macquarie St, St Lucia","Macquarie St, St Lucia",Manual,-27.492607,153.007818,2015,,,,,,,,,,,,1,1,1,1,,,,,,1,1.0,"-27.492607, 153.007818"
M050,M050,"Newmarket Railway Station, Newmarket","Newmarket Railway Station, Newmarket",Manual,-27.432418,153.009839,2015,,,,,,,,,,,,1,1,,1,1,1,1,1,1,1,1.0,"-27.432418, 153.009839"
M052,M052,"Nicholson St, Greenslopes","Nicholson St, Greenslopes",Manual,-27.513917,153.045155,2015,,,,,,,,,,,,1,1,,1,,,,1,1,1,,"-27.513917, 153.045155"
M053,M053,"Toohey Rd, Salisbury","Toohey Rd, Salisbury",Manual,-27.53651543,153.0412512,2015,,,,,,,,,,,,1,1,1,,1,,1,,1,,1.0,"-27.53651543, 153.0412512"
M056,M056,"Spencer Park, Newmarket","Spencer Park, Newmarket",Manual,-27.440107,153.010154,2012,,,,,,,,,1,,,,1,,1,,,,1,,1,1.0,"-27.440107, 153.010154"
M056E,M056,"Spencer Park, Mark St, Newmarket","Spencer Park, Mark St, Newmarket",Manual,-27.440428,153.011595,2019,,,,,,,,,,,,,,,,1,1,1,1,1,,,"-27.440428, 153.011595"
M061,M061,"Edward St_Adelaide St, Brisbane City","Edward St_Adelaide St, Brisbane City",Manual,-27.467584,153.026175,2016,,,,,,,,,,,,,1,,,,,1,1,1,1,1.0,"-27.467584, 153.026175"
M062,M062,"George St_Turbot St, Brisbane City","George St_Turbot St, Brisbane City",Manual,-27.468664,153.021322,2016,,,,,,,,,,,,,1,,,,,1,1,1,1,1.0,"-27.468664, 153.021322"
M065,M065,"Cabbage Tree Creek Bikeway, Aspley","Cabbage Tree Ck Bikeway, Aspley",Manual,-27.355985,153.016189,2016,,,,,,,,,,,,,1,1,1,,,,1,1,1,,"-27.355985, 153.016189"
M068,M068,"Commercial Rd_Wyandra St, Teneriffe","Commercial Rd_Wyandra St, Teneriffe",Manual,-27.453713,153.044513,2016,,,,,,,,,,,,,1,,,,1,,1,1,1,1.0,"-27.453713, 153.044513"
M069,M069,"Montague Rd_Vulture St, West End","Montague Rd_Vulture St, West End",Manual,-27.480172,153.005304,2016,,,,,,,,,,,,,1,,1,1,1,1,,,1,1.0,"-27.480172, 153.005304"
M071,M071,"Hardgrave Rd_Vulture St, West End","Hardgrave Rd_Vulture St, West End",Manual,-27.480496,153.007334,2016,,,,,,,,,,,,,1,,,,1,,,,1,,"-27.480496, 153.007334"
M072,M072,"Boundary St_Melbourne St, West End","Boundary St_Melbourne St, West End",Manual,-27.477242,153.012762,2016,,,,,,,,,,,,,1,,1,1,1,1,,1,,1.0,"-27.477242, 153.012762"
M075,M075,"Gympie Rd Bikeway, Marchant Park, Chermside","Gympie Rd Bikeway, Marchant Park, Chermside",Manual,-27.378624,153.029226,2017,,,,,,,,,,,,,,1,1,1,1,1,,,1,,"-27.378624, 153.029226"
M085,M085,"Riverside Dr_ Jane St, West End","Riverside Dr_ Jane St, West End",Manual,-27.476378,153.005282,2017,,,,,,,,,,,,,,1,1,1,1,1,1,1,1,1.0,"-27.476378, 153.005282"
M094,M094,"Nth Brisbane Bikeway, Edinburgh Castle Rd, Wavell Heights","Nth Brisbane Bikeway, Edinburgh Castle Rd, Wavell Heights",Manual,-27.399421,153.043667,2019,,,,,,,,,,,,,,,,1,,1,1,1,1,,"-27.399421, 153.043667"
M095,M095,"Stanley St E, Coorparoo","Stanley St E, Coorparoo",Manual,-27.487898,153.051623,2019,,,,,,,,,,,,,,,,1,1,1,1,1,1,,"-27.487898, 153.051623"
M096,M096,"Fig Tree Pocket Rd_Akuna St, Kenmore","Fig Tree Pocket Rd_Akuna St, Kenmore",Manual,-27.515732,152.9521,2019,,,,,,,,,,,,,,,,1,1,1,1,,1,,"-27.515732, 152.9521"
M098,M098,"Aspen St Bikeway_Scrub Rd, Carindale","Aspen St Bikeway_Scrub Rd, Carindale",Manual,-27.532063,153.118404,2019,,,,,,,,,,,,,,,,1,,1,,,,1.0,"-27.532063, 153.118404"
M103,M103,"Beaudesert Rd_Mayfield Rd, Moorooka","Beaudesert Rd_Mayfield Rd, Moorooka",Manual,-27.532857,153.024875,2019,,,,,,,,,,,,,,,,1,,1,,,1,,"-27.532857, 153.024875"
M107,M107,"Wiles St_Stanley St, Camp Hill","Wiles St_Stanley St, Camp Hill",Manual,-27.486862,153.078563,2019,,,,,,,,,,,,,,,,1,,1,,,,,"-27.486862, 153.078563"
M108S,M108,"Logan Rd_Hanlon Park, Stones Corner","Logan Rd_Hanlon Park, Stones Corner",Manual,-27.498732,153.042718,2022,,,,,,,,,,,,,,,,,,,1,,,,"-27.498732, 153.042718"
M120,M120,"Indooroopilly Rd_Swann Rd, St Lucia","Indooroopilly Rd_Swann Rd, St Lucia",Manual,-27.49764,152.990399,2020,,,,,,,,,,,,,,,,,1,,1,1,1,1.0,"-27.49764, 152.990399"
M121,M121,"Carl St_O’Keefe St, Woolloongabba","Carl St_O’Keefe St, Woolloongabba",Manual,-27.49742056,153.0382366,2020,,,,,,,,,,,,,,,,,1,1,1,1,1,1.0,"-27.49742056, 153.0382366"
M127,M127,"Melbourne St_Merivale St, South Brisbane","Melbourne St_Merivale St, Sth Brisbane",Manual,-27.47501886,153.0164961,2021,,,,,,,,,,,,,,,,,,1,,,,,"-27.47501886, 153.0164961"
M129,M129,"Kitchener St_Cormack St, Sherwood","Kitchener St_Cormack St, Sherwood",Manual,-27.525496,152.978426,2021,,,,,,,,,,,,,,,,,,1,,1,,,"-27.525496, 152.978426"
M130,M130,"Gladstone Rd_TJ Doyle Memorial Dr, Dutton Park","Gladstone Rd_TJ Doyle Memorial Dr, Dutton Park",Manual,-27.495844,153.025484,2022,,,,,,,,,,,,,,,,,,,1,1,,1.0,"-27.495844, 153.025484"
M133,M133,"Melton Rd_Buckland Rd, Nundah","Melton Rd_Buckland Rd, Nundah",Manual,-27.404002,153.064623,2022,,,,,,,,,,,,,,,,,,,1,,,,"-27.404002, 153.064623"
M135,M135,"Norris Rd_Telegraph Rd, Bracken Ridge","Norris Rd_Telegraph Rd, Bracken Ridge",Manual,-27.311222,153.028979,2022,,,,,,,,,,,,,,,,,,,1,,1,,"-27.311222, 153.028979"
M136,M136,"Birdwood Rd, Holland Park West","Birdwood Rd, Holland Park West",Manual,-27.523882,153.054271,2022,,,,,,,,,,,,,,,,,,,1,1,1,,"-27.523882, 153.054271"
M137,M137,"Ashgrove Ave_Enoggera Rd, Newmarket","Ashgrove Ave_Enoggera Rd, Newmarket",Manual,-27.438271,153.007239,2022,,,,,,,,,,,,,,,,,,,1,1,1,,"-27.438271, 153.007239"
M138,M138,"Greenslopes Busway Station_Veloway, Greenslopes","Greenslopes Busway Station_Veloway, Greenslopes",Manual,-27.510946,153.040529,2022,,,,,,,,,,,,,,,,,,,1,1,,,"-27.510946, 153.040529"
M139,M139,"Poinsettia St_Hydrangea St, Inala","Poinsettia St_Hydrangea St, Inala",Manual,-27.596624,152.968927,2022,,,,,,,,,,,,,,,,,,,1,,1,,"-27.596624, 152.968927"
M140,M140,"Inala Ave_Blunder Rd, Inala","Inala Ave_Blunder Rd, Inala",Manual,-27.596486,152.987278,2022,,,,,,,,,,,,,,,,,,,1,,1,,"-27.596486, 152.987278"
M146,M146,"Honour Ave, Verney Rd W, Graceville","Honour Ave, Verney Rd W, Graceville",Manual,-27.52024,152.975425,2022,,,,,,,,,,,,,,,,,,,1,1,1,,"-27.52024, 152.975425"
M147,M147,"Persse Rd_Nemies Rd, Runcorn","Persse Rd_Nemies Rd, Runcorn",Manual,-27.605901,153.079806,2022,,,,,,,,,,,,,,,,,,,1,,1,,"-27.605901, 153.079806"
M149,M149,"Albany Creek Rd, Aspley","Albany Ck Rd, Aspley",Manual,-27.363285,153.011688,2022,,,,,,,,,,,,,,,,,,,,,1,1.0,"-27.363285, 153.011688"
M151,M151,"Rainbow St_Curlew St, Sandgate","Rainbow St_Curlew St, Sandgate",Manual,-27.32220725,153.0737413,2024,,,,,,,,,,,,,,,,,,,,,1,1.0,"-27.32220725, 153.0737413"
M152,M152,"Annerly Rd_Gladstone Rd, Dutton Park","Annerly Rd_Gladstone Rd, Dutton Park",Manual,-27.49753486,153.0273366,2024,,,,,,,,,,,,,,,,,,,,,1,1.0,"-27.49753486, 153.0273366"
M153,M153,"Wickham St_Brookes St, Fortitude Valley","Wickham St_Brookes St, Fortitude Valley",Manual,-27.45342251,153.0378326,2024,,,,,,,,,,,,,,,,,,,,,1,1.0,"-27.45342251, 153.0378326"
M154,M154,"Glen Rd, Toowong","Glen Rd, Toowong",Manual,-27.48824105,152.9935152,2024,,,,,,,,,,,,,,,,,,,,,1,1.0,"-27.48824105, 152.9935152"
M162,M162,"Annerley Rd_Young St, Annerley","Annerley Rd_Young St, Annerley",Manual,-27.5027,153.0309,2024,,,,,,,,,,,,,,,,,,,,,1,1.0,"-27.5027, 153.0309"
M163,M163,"Downfall Creek Bikeway_Toombul Rd, Virginia","Downfall Ck Bikeway_Toombul Rd, Virginia",Manual,-27.3803,153.0638,2024,,,,,,,,,,,,,,,,,,,,,1,,"-27.3803, 153.0638"
M168,M168,"Brookes St_OConnell Tce_Hamilton Pl, Bowen Hills","Brookes St_OConnell Tce_Hamilton Pl, Bowen Hills",Manual,-27.448667,153.034994,2025,,,,,,,,,,,,,,,,,,,,,,1.0,"-27.448667, 153.034994"
M174,M174,"Brunswick St_Gregory Tce, Fortitude Valley","Brunswick St_Gregory Tce, Fortitude Valley",Manual,-27.452614,153.02909,2025,,,,,,,,,,,,,,,,,,,,,,1.0,"-27.452614, 153.02909"
A002,A002,"Bishop Street, Kelvin Grove","Bishop St, Kelvin Grove",Automatic,-27.442665,153.007893,2015,,,,,,,,,,,,1,1,1,1,1,1,1,1,1,1,1.0,"-27.442665, 153.007893"
A006,A006,"Granville St Bridge, Herston","Granville St Br, Herston",Automatic,-27.44258,153.02095,2015,,,,,,,,,,,,1,1,1,1,1,1,1,1,1,1,1.0,"-27.44258, 153.02095"
A007,A007,"Jack Pesch Bridge, Indooroopilly","Jack Pesch Br, Indro",Automatic,-27.507082,152.973653,2015,,,,,,,,,,,,1,1,1,1,1,1,1,1,1,1,1.0,"-27.507082, 152.973653"
A011,A011,"Lambert Rd, Indooroopilly","Lambert Rd, Indro",Automatic,-27.503343,152.981076,2015,,,,,,,,,,,,1,1,1,1,1,1,1,1,1,1,1.0,"-27.503343, 152.981076"
A015,A015,"Stanley St, Woolloongabba","Stanley St, Woolloongabba",Automatic,-27.48605,153.032223,2015,,,,,,,,,,,,1,1,1,1,,,,,,,,"-27.48605, 153.032223"
A016E,A016,"Story Bridge East, Kangaroo Point","Story Br, Kangaroo Pt",Automatic,-27.470891,153.035863,2015,,,,,,,,,,,,1,1,1,1,1,1,1,1,1,1,1.0,"-27.470891, 153.035863"
A019,A019,"Bicentennial Bikeway, Milton","Bicentennial, Milton",Automatic,-27.469398,153.010162,2017,,,,,,,,,,,,,,1,1,1,1,1,1,1,1,1.0,"-27.469398, 153.010162"
A021,A021,"Lores Bonney Riverwalk, Hamilton",Lores Bonney Riverwalk,Automatic,-27.43971,153.06387,2019,,,,,,,,,,,,,,,,1,1,1,1,1,1,1.0,"-27.43971, 153.06387"
A022,A022,"Stanley Street, South Brisbane","Stanley St, Sth Brisbane",Automatic,-27.48368,153.02722,2019,,,,,,,,,,,,,,,,1,1,1,1,1,1,1.0,"-27.48368, 153.02722"
A103,A103,"Bridge St, Wooloowin","Bridge St, Wooloowin",Automatic,-27.422854,153.042322,2022,,,,,,,,,,,,,,,,,1,,,,1,1.0,"-27.422854, 153.042322"
A202,A202,"City Link Cycleway (Elizabeth St - Edward to Albert), City",City Link Elizabeth St (Edward - Albert),Automatic,-27.46969204,153.0270731,2021,,,,,,,,,,,,,,,,,,1,1,1,1,1.0,"-27.46969204, 153.0270731"
A203,A203,"City Link Cycleway (Victoria Bridge), City",City Link (Victoria Br),Automatic,-27.47318078,153.0198097,2021,,,,,,,,,,,,,,,,,,1,1,1,1,1.0,"-27.47318078, 153.0198097"
T0029,T0029,Sandgate Road Northbound (Northgate),"Sandgate Rd Nthbnd, Nthgate",Automatic,-27.39394,153.059144,,,,,,,,,,,,,,,,,,,,,,,,"-27.39394, 153.059144"
T0030,T0030,Sandgate Road Southbound (Northgate),"Sandgate Rd Sthbnd, Nthgate",Automatic,-27.393883,153.059371,,,,,,,,,,,,,,,,,,,,,,,,"-27.393883, 153.059371"
T0035,T0035,Princess Alexandra Hospital Bikeway (Woollongabba),"PA Hospital Bikeway, Woollongabba",Automatic,-27.496921,153.036196,,,,,,,,,,,,,,,,,,,,,,,,"-27.496921, 153.036196"
T0038,T0038,Veloway 1 (Greenslopes),"V1, Greenslopes",Automatic,-27.510168,153.039689,,,,,,,,,,,,,,,,,,,,,,,,"-27.510168, 153.039689"
T0040,T0040,Veloway 1 (Upper Mount Gravatt),"V1, Upper Mt Gravatt",Automatic,-27.562285,153.077452,,,,,,,,,,,,,,,,,,,,,,,,"-27.562285, 153.077452"
T0041,T0041,Centenary Cycleway (Sumner),"Centenary Cycleway, Sumner",Automatic,-27.565543,152.942261,,,,,,,,,,,,,,,,,,,,,,,,"-27.565543, 152.942261"
T0009,T0009,Gateway Motorway Shared Pathway (Murarrie),"Gateway Shared Path, Murarrie",Automatic,-27.451173,153.105017,,,,,,,,,,,,,,,,,,,,,,,,"-27.451173, 153.105017"
M001,M001,"Kangaroo Point Bikeway, Kangaroo Point","Kangaroo Pt Bikeway, Kangaroo Pt",Manual,-27.476039,153.034728,2004,1,1,1,1,1,1,1,1,1,1,1,1,1,1,1,1,1,1,1,1,1,1.0,"-27.476039, 153.034728"
M005,M005,"Bicentennial Bikeway William Jolly Bridge, Milton","Bicentennial Bikeway William Jolly Br, Milton",Manual,-27.467589,153.016503,2004,1,1,1,1,1,1,1,,1,1,1,1,1,1,1,1,1,1,1,1,1,1.0,"-27.467589, 153.016503"
M007W,M007,"Victoria Bridge (West), Brisbane City","Victoria Br, Brisbane City",Manual,-27.471753,153.022479,2004,1,1,1,1,1,1,1,1,1,1,1,1,1,1,1,1,1,1,1,1,1,1.0,"-27.471753, 153.022479"
M010,M010,"Enoggera Creek Bikeway, Ashgrove","Enoggera Ck Bikeway, Ashgrove",Manual,-27.445115,152.975679,2004,1,1,1,1,1,1,1,1,1,,,,,,,,,1,1,1,1,1.0,"-27.445115, 152.975679"
M014,M014,"Enoggera Creek Bikeway, Herston (Downey St)","Enoggera Ck Bikeway, Herston (Downey St)",Manual,-27.44384,153.024954,2004,1,1,1,1,1,1,1,1,1,,,,,1,1,1,1,1,1,1,1,1.0,"-27.44384, 153.024954"
M015,M015,"Enoggera Creek Bikeway, Herston (Granville St)","Enoggera Ck Bikeway, Herston (Granville St)",Manual,-27.441872,153.0211,2013,,,,,,,,,,1,1,1,1,1,1,1,1,1,1,1,1,1.0,"-27.441872, 153.0211"
M017,M017,"Goodwill Bridge, Brisbane City","Goodwill Br, Brisbane City",Manual,-27.478989,153.028578,2008,,,,,1,1,1,1,1,1,1,1,1,1,1,1,1,1,1,1,1,1.0,"-27.478989, 153.028578"
M020E,M020,"Go Between Bridge, South Brisbane Ped","Go Between Br, Sth Brisbane Ped",Manual,-27.470988,153.013597,2010,,,,,,,1,1,1,1,1,1,1,1,1,1,1,1,1,1,1,1.0,"-27.470988, 153.013597"
M021S,M021,"Bridge St, Woolowin","Bridge St, Woolowin",Manual,-27.425017,153.041961,2010,,,,,,,1,1,1,,1,1,1,1,1,1,,1,1,,,,"-27.425017, 153.041961"
M025N,M025,"Uxbridge St_Lanham Park entrance, Grange","Uxbridge St_Lanham Park entrance, Grange",Manual,-27.423031,153.020334,2017,,,,,,,,,,,,,,1,,,,,1,,1,1.0,"-27.423031, 153.020334"
M034,M034,"Wynnum Rd, Wynnum","Wynnum Rd, Wynnum",Manual,-27.451412,153.156714,2014,,,,,,,,,,,1,,,,,,,,,,,1.0,"-27.451412, 153.156714"
M035,M035,"Wynnum Rd North, Wynnum West","Wynnum Rd Nth, Wynnum West",Manual,-27.437529,153.15793,2014,,,,,,,,,,,1,,1,,,,,,,,,1.0,"-27.437529, 153.15793"
M036,M036,"Centaurus St, Inala","Centaurus St, Inala",Manual,-27.60279,152.968574,2014,,,,,,,,,,,1,1,,,,,,,,,,,"-27.60279, 152.968574"
M038,M038,"Lanita Rd, Ferny Grove","Lanita Rd, Ferny Grove",Manual,-27.398327,152.931328,2014,,,,,,,,,,,1,1,1,,1,,,,,,,,"-27.398327, 152.931328"
M039,M039,"Dornoch Tce, West End","Dornoch Tce, West End",Manual,-27.487421,153.018423,2014,,,,,,,,,,,1,,,1,,,,,,,1,,"-27.487421, 153.018423"
M040,M040,"Gladstone Rd, Highgate Hill","Gladstone Rd, Highgate Hill",Manual,-27.488448,153.018651,2014,,,,,,,,,,,1,1,1,1,1,1,1,1,,,,1.0,"-27.488448, 153.018651"
M043E,M043,"Kingsford Smith Dr_Quarry St, Albion","Kingsford Smith Dr, Albion",Manual,-27.439855,153.060003,2015,,,,,,,,,,,,1,1,,,,,,1,,,,"-27.439855, 153.060003"
M043C,M043,"Kingsford Smith Dr_Toorak Rd, Albion","Kingsford Smith Dr, Albion",Manual,-27.440004,153.051046,2019,,,,,,,,,,,,,,,,1,1,,1,,,,"-27.440004, 153.051046"
M047S,M047,"Kedron Brook Bikeway, Royal Pde, Stafford","Kedron Brook Bikeway, Royal Pde, Stafford",Manual,-27.41398981,153.0091208,2016,,,,,,,,,,,,,1,,1,1,1,1,1,1,1,1.0,"-27.41398981, 153.0091208"
M047W,M047,"Kedron Brook Bikeway, Shand St, Stafford","Kedron Brook Bikeway, Shand St, Stafford",Manual,-27.412518,153.007209,2017,,,,,,,,,,,,,,1,,,,,,,,,"-27.412518, 153.007209"
M049,M049,"Cabbage Tree Ck Bikeway, Beckett Rd, McDowall","Cabbage Tree Ck Bikeway, Beckett Rd, McDowall",Manual,-27.374359,152.989699,2015,,,,,,,,,,,,1,1,,,,,,,,1,,"-27.374359, 152.989699"
M051W,M051,"Witton Rd_Kate St, Indooroopilly","Witton Rd_Kate St, Indooroopilly",Manual,-27.50706,152.96469,2021,,,,,,,,,,,,,,,,,,1,1,,,,"-27.50706, 152.96469"
M054,M054,"Shaw Rd, Wavell Heights","Shaw Rd, Wavell Heights",Manual,-27.403978,153.047723,2012,,,,,,,,,1,,,,1,1,1,1,1,,1,1,1,1.0,"-27.403978, 153.047723"
M057,M057,"Downfall Creek Bikeway Junction Kittyhawk Drive, Chermside","Downfall Ck Bikeway Junction Kittyhawk Drive, Chermside",Manual,-27.382555,153.0353,2012,,,,,,,,,1,,,,1,,1,,,,,1,,1.0,"-27.382555, 153.0353"
M057E,M057,"Downfall Creek Bikeway Corrie St, Chermside","Downfall Ck Bikeway Corrie St, Chermside",Manual,-27.380702,153.040431,2019,,,,,,,,,,,,,,,,1,1,1,,,,,"-27.380702, 153.040431"
M058W,M058,"Somerset St & Albany St, Windsor","Somerset St & Albany St, Windsor",Manual,-27.434974,153.036227,2012,,,,,,,,,1,,,,1,,,,1,,,,,,"-27.434974, 153.036227"
M058E,M058,"Somerset St, Windsor","Somerset St, Windsor",Manual,-27.434903,153.036758,2016,,,,,,,,,,,,,1,1,1,1,,,,,,,"-27.434903, 153.036758"
M066N,M066,"Nudgee Rd_Hampden St, Ascot","Nudgee Rd_Hampden St, Ascot",Manual,-27.427578,153.072321,2018,,,,,,,,,,,,,,,1,1,1,1,1,1,1,1.0,"-27.427578, 153.072321"
M067,M067,"Cycle Bridge Mount Ommaney Dr, Jindalee","Cycle Br Mount Ommaney Dr, Jindalee",Manual,-27.528672,152.941065,2016,,,,,,,,,,,,,1,,,,1,,1,,1,,"-27.528672, 152.941065"
M073,M073,"Montague Rd_Jane St, West End","Montague Rd_Jane St, West End",Manual,-27.478316,153.006463,2016,,,,,,,,,,,,,1,,,,,,,,1,,"-27.478316, 153.006463"
M076,M076,"Dandenong Rd, Mt Ommaney","Dandenong Rd, Mt Ommaney",Manual,-27.392688,152.9406824,2017,,,,,,,,,,,,,,1,1,1,1,1,1,1,1,1.0,"-27.392688, 152.9406824"
M078,M078,"Bulimba Creek Bikeway, Blue Grass Cr, Eight Mile Plains","Bulimba Ck Bikeway, Blue Grass Cr, Eight Mile Plains",Manual,-27.564719,153.102679,2017,,,,,,,,,,,,,,1,,,,,1,,1,,"-27.564719, 153.102679"
M081,M081,"Alice St_Edward St Bikeway, Brisbane City","Alice St_Edward St Bikeway, Brisbane City",Manual,-27.472284,153.030819,2017,,,,,,,,,,,,,,1,1,1,1,1,,,1,1.0,"-27.472284, 153.030819"
M083,M083,"Downfall Creek Bikeway, Parton St, Stafford Heights","Downfall Ck Bikeway, Parton St, Stafford Heights",Manual,-27.392688,153.000133,2017,,,,,,,,,,,,,,1,1,,,,1,1,1,1.0,"-27.392688, 153.000133"
M084,M084,"Pamphlett Bridge, Graceville","Pamphlett Br, Graceville",Manual,-27.52485396,152.9948851,2017,,,,,,,,,,,,,,1,1,1,1,1,1,1,1,1.0,"-27.52485396, 152.9948851"
M086,M086,"Mariners Reach, Newstead","Mariners Reach, Newstead",Manual,-27.44559,153.04627,2018,,,,,,,,,,,,,,,1,,,1,,,1,,"-27.44559, 153.04627"
M087,M087,"Catalina, Teneriffe","Catalina, Teneriffe",Manual,-27.45904,153.05042,2018,,,,,,,,,,,,,,,1,,,,,,1,,"-27.45904, 153.05042"
M088,M088,"Cutters Landing, New Farm","Cutters Landing, New Farm",Manual,-27.459024,153.050648,2018,,,,,,,,,,,,,,,1,,,,,,1,1.0,"-27.459024, 153.050648"
M089,M089,"City Reach, Eagle St","City Reach, Eagle St",Manual,-27.465366,153.031463,2018,,,,,,,,,,,,,,,1,,1,,1,,1,,"-27.465366, 153.031463"
M090,M090,"Cultural Centre, Riverwalk","Cultural Centre, Riverwalk",Manual,-27.47059,153.01835,2018,,,,,,,,,,,,,,,1,,,,,,1,1.0,"-27.47059, 153.01835"
M091,M091,"Wellington St stub, East Brisbane","Wellington St stub, East Brisbane",Manual,-27.47653,153.04177,2018,,,,,,,,,,,,,,,1,,,,,,1,1.0,"-27.47653, 153.04177"
M092,M092,"Bradshaw St, Lutwyche","Bradshaw St, Lutwyche",Manual,-27.420476,153.034726,2019,,,,,,,,,,,,,,,,1,,,,,1,,"-27.420476, 153.034726"
M100,M100,"Qantas Dr_Lomandra Dr, Brisbane Airport","Qantas Dr_Lomandra Dr, Brisbane Airport",Manual,-27.41548,153.090493,2019,,,,,,,,,,,,,,,,1,1,1,,,1,,"-27.41548, 153.090493"
M102,M102,"Chatsworth Rd_Arc St, Coorparoo","Chatsworth Rd_Arc St, Coorparoo",Manual,-27.500443,153.074292,2019,,,,,,,,,,,,,,,,1,,1,,,,,"-27.500443, 153.074292"
M105,M105,"Station Rd, Indooroopilly","Station Rd, Indooroopilly",Manual,-27.502065,152.974372,2019,,,,,,,,,,,,,,,,1,1,1,,,1,,"-27.502065, 152.974372"
M106,M106,"Riding Rd, Hawthorne","Riding Rd, Hawthorne",Manual,-27.463673,153.063914,2019,,,,,,,,,,,,,,,,1,1,,,,,,"-27.463673, 153.063914"
M109,M109,"Oxley Rd_Clewley St, Corinda","Oxley Rd_Clewley St, Corinda",Manual,-27.53803,152.981974,2019,,,,,,,,,,,,,,,,1,,1,,,1,,"-27.53803, 152.981974"
M112,M112,"Waterworks Rd_Gresham St, Ashgrove","Waterworks Rd_Gresham St, Ashgrove",Manual,-27.447986,152.974222,2019,,,,,,,,,,,,,,,,1,,,,,,,"-27.447986, 152.974222"
M113,M113,"Enoggera Creek Bikeway Royal Parade, Ashgrove","Enoggera Ck Bikeway Royal Parade, Ashgrove",Manual,-27.443144,152.974395,2019,,,,,,,,,,,,,,,,1,,1,1,,,1.0,"-27.443144, 152.974395"
M116,M116,"Elizabeth St_George St, Brisbane City","Elizabeth St_George St, Brisbane City",Manual,-27.471744,153.02432,2020,,,,,,,,,,,,,,,,,1,,,,,1.0,"-27.471744, 153.02432"
M118,M118,"Edward St_Mary St , Brisbane City","Edward St_Mary St , Brisbane City",Manual,-27.47062858,153.0291681,2020,,,,,,,,,,,,,,,,,1,,,,,,"-27.47062858, 153.0291681"
M126,M126,"Mary St_ Albert St, Brisbane City","Mary St_ Albert St, Brisbane City",Manual,-27.47194254,153.0274745,2021,,,,,,,,,,,,,,,,,,1,,,,,"-27.47194254, 153.0274745"
M131,M131,"Kent St, Dutton Park","Kent St, Dutton Park",Manual,-27.49691,153.032367,2022,,,,,,,,,,,,,,,,,,,1,,1,,"-27.49691, 153.032367"
M134,M134,"Blackwood Rd, Deagon","Blackwood Rd, Deagon",Manual,-27.335082,153.060542,2022,,,,,,,,,,,,,,,,,,,1,1,,,"-27.335082, 153.060542"
M141,M141,"Dornoch Tce_Ganges St, West End","Dornoch Tce_Ganges St, West End",Manual,-27.486763,153.006215,2022,,,,,,,,,,,,,,,,,,,1,,1,,"-27.486763, 153.006215"
M161,M161,"Junction Rd_Krupp Rd, Morningside","Junction Rd_Krupp Rd, Morningside",Manual,-27.4601,153.0835,2024,,,,,,,,,,,,,,,,,,,,,1,,"-27.4601, 153.0835"
M166,M166,"George St_Herschel St, Brisbane City","George St_Herschel St, Brisbane City",Manual,-27.467196,153.019889,2025,,,,,,,,,,,,,,,,,,,,,,1.0,"-27.467196, 153.019889"
M167,M167,"George St_Ann St, Brisbane City","George St_Ann St, Brisbane City",Manual,-27.469392,153.022132,2025,,,,,,,,,,,,,,,,,,,,,,1.0,"-27.469392, 153.022132"
M169,M169,"Jackson St, Wembley Park, Coorparoo","Jackson St, Wembley Park, Coorparoo",Manual,-27.488325,153.062701,2025,,,,,,,,,,,,,,,,,,,,,,1.0,"-27.488325, 153.062701"
M170,M170,"Norman Creek Bikeway_Turbo Dr, Coorparoo","Norman Ck Bikeway_Turbo Dr, Coorparoo",Manual,-27.493185,153.047405,2025,,,,,,,,,,,,,,,,,,,,,,1.0,"-27.493185, 153.047405"
M171,M171,"Downfall Creek Bikeway_Brickyard Rd, Chermside","Downfall Ck Bikeway_Brickyard Rd, Chermside",Manual,-27.382605,153.05935,2025,,,,,,,,,,,,,,,,,,,,,,1.0,"-27.382605, 153.05935"
M173,M173,"Hawken Dr_Carmody Rd, St Lucia","Hawken Dr_Carmody Rd, St Lucia",Manual,-27.499017,153.010657,2025,,,,,,,,,,,,,,,,,,,,,,1.0,"-27.499017, 153.010657"
A004N,A004,"Eleanor Schonell Br Pedestrians, St Lucia","Eleanor Schonell Br, St Lucia",Automatic,-27.4977358,153.0185576,2013,,,,,,,,,,1,1,1,1,1,1,1,1,1,1,1,1,1.0,"-27.4977358, 153.0185576"
A005W,A005,"Go Between Br Cyclists, South Brisbane","Go Between Br, Sth Brisbane",Automatic,-27.471478,153.013503,2014,,,,,,,,,,,1,1,1,1,1,1,1,1,1,1,1,1.0,"-27.471478, 153.013503"
A005E,A005,"Go Between Br Pedestrians, South Brisbane","Go Between Br, Sth Brisbane",Automatic,-27.470671,153.013175,2014,,,,,,,,,,,1,1,1,1,1,1,1,1,1,1,1,1.0,"-27.470671, 153.013175"
A008,A008,"Kangaroo Point Bikeway, Kangaroo Point",Kangaroo Pt B'way,Automatic,-27.481723,153.031864,2014,,,,,,,,,,,1,1,1,1,1,1,1,1,1,1,1,1.0,"-27.481723, 153.031864"
A010,A010,"Kedron Brook Bikeway, Mitchelton","Kedron Br B'way, Mitchelton",Automatic,-27.402641,152.978179,2015,,,,,,,,,,,,1,1,1,1,1,1,1,1,1,1,1.0,"-27.402641, 152.978179"
A012,A012,"North Brisbane Bikeway (Mann Park), Windsor","Nth Brisbane B'way, Windsor",Automatic,-27.441242,153.033363,2014,,,,,,,,,,,1,1,1,1,1,1,1,1,1,1,1,1.0,"-27.441242, 153.033363"
A025,A025,"Maritime Museum, South Brisbane","Maritime Museum, Sth Brisbane",Automatic,-27.48225,153.02549,2020,,,,,,,,,,,,,,,,,1,1,1,1,1,1.0,"-27.48225, 153.02549"
A027,A027,"Kurilpa Bridge Tank Street, Brisbane City","Kurilpa Br, Brisbane City",Automatic,-27.46849003,153.0199483,2020,,,,,,,,,,,,,,,,,1,1,1,1,1,1.0,"-27.46849003, 153.0199483"
A028,A028,"Indooroopilly Riverwalk, Indooroopilly","Indro Riverwalk, Indooroopilly",Automatic,-27.50459664,152.9748782,2021,,,,,,,,,,,,,,,,,,1,1,1,1,1.0,"-27.50459664, 152.9748782"
A030,A030,"Breakfast Creek / Yowoggera Bridge, Newstead","Breakfast Ck / Yowoggera Br, Newstead",Automatic,-27.4412,153.048182,2024,,,,,,,,,,,,,,,,,,,,,1,1.0,"-27.4412, 153.048182"
A200,A200,"City Link Cycleway (Edward St - Charlotte to Mary), City",City Link Edward St (Charlotte-Mary),Automatic,-27.47031079,153.0287844,2022,,,,,,,,,,,,,,,,,,1,1,1,1,1.0,"-27.47031079, 153.0287844"
A204,A204,"Story Bridge Underpass, Kangaroo Point","Story Br Underpass, Kangaroo Pt",Automatic,-27.470311,153.035796,2024,,,,,,,,,,,,,,,,,,,,,1,1.0,"-27.470311, 153.035796"
T0020,T0020,Veloway 1 (Woolloongabba),"V1, Woolloongabba",Automatic,-27.492824,153.034085,,,,,,,,,,,,,,,,,,,,,,,,"-27.492824, 153.034085"
T0027,T0027,Northbank Brisbane,"Bicentennial Bikeway Northbank, Brisbane City",Automatic,-27.475263,153.024749,,,,,,,,,,,,,,,,,,,,,,,,"-27.475263, 153.024749"
T0034,T0034,Veloway 1 on-ramp (Holland Park West),"V1 on-ramp, Holland Park W",Automatic,-27.53469,153.057637,,,,,,,,,,,,,,,,,,,,,,,,"-27.53469, 153.057637"
T0037,T0037,Ted Smout Bridge (Brighton),"Ted Smout Br, Brighton",Automatic,-27.284,153.06424,,,,,,,,,,,,,,,,,,,,,,,,"-27.284, 153.06424"
T0039,T0039,Centenary Cycleway (Indooroopilly),"Centenary Cycleway, Indooroopilly",Automatic,-27.498683,152.963608,,,,,,,,,,,,,,,,,,,,,,,,"-27.498683, 152.963608"
T0044,T0044,Veloway 1 (Tarringindi),"V1, Tarringindi",Automatic,-27.523846,153.054488,,,,,,,,,,,,,,,,,,,,,,,,"-27.523846, 153.054488"
T6085,T6085,Gateway Motorway Shared Pathway (Boondall),"Gateway Shared Path, Boondall",Automatic,-27.353139,153.078417,,,,,,,,,,,,,,,,,,,,,,,,"-27.353139, 153.078417"
T6086,T6086,Gateway Motorway Shared Pathway (Deagon Wetland),"Gateway Shared Pathy, Deagon Wetland",Automatic,-27.316694,153.048389,,,,,,,,,,,,,,,,,,,,,,,,"-27.316694, 153.048389"
